1,Micah,Briggs,965-2074 Mi Rd.,Henderson,KY,42420,0-840-337-3431,Willow_Hastings8834@elnee.tech
2,Kadeem,Gordon,4970 Leo Rd.,Henderson,KY,42420,6-577-048-3481,Tiffany_Jones8946@extex.org
3,Gavin,Nielsen,P.O. Box 873 8213 Phasellus Street,Los Angeles,CA,90036,7-318-227-6323,Enoch_Wills2967@dionrab.com
4,Knox,Baxter,P.O. Box 936 2312 Vel Road,Fort Lauderdale,FL,33311,4-818-103-5815,Russel_Clarke4787@naiker.biz
5,Luke,Klein,Ap #816-7184 Tellus St.,Fort Lauderdale,FL,33311,1-012-286-3713,Brad_Gunn6210@yahoo.com
6,Wayne,Lambert,P.O. Box 717 9343 Ornare St.,Los Angeles,CA,90032,3-357-228-6840,Valentina_Stewart9519@nanoff.biz
7,Lamar,Kerr,P.O. Box 383 3540 Fusce Av.,Los Angeles,CA,90032,5-343-114-5271,Angel_Denton4761@nimogy.biz
8,Quentin,Bishop,Ap #247-9352 Sed Avenue,Los Angeles,CA,90032,1-408-176-7133,Chanelle_Lewin5438@mafthy.com
9,Herrod,Hopper,982-2786 Aliquam Street,Los Angeles,CA,90032,5-616-748-1704,Michaela_Newman6875@irrepsy.com
10,Carson,Guthrie,167-8305 Arcu Road,Los Angeles,CA,90032,8-381-254-7562,Leah_Lambert464@jiman.org
11,Aladdin,Elliott,483-772 Suspendisse Av.,Los Angeles,CA,90032,0-630-476-5471,Manuel_Samuel7135@gompie.com
12,Raymond,Duke,7101 Nunc Av.,Los Angeles,CA,90032,2-063-641-0120,Mark_Vangness6539@ubusive.com
13,Wylie,Waller,272-8633 Integer St.,Concord,NC,28027,2-833-306-0626,Anais_Dickson3615@extex.org
14,Armand,Lara,908-775 Scelerisque St.,Seattle,WA,98103,0-847-027-5427,Chad_Thompson4995@joiniaa.com
15,Daquan,Acevedo,369-7672 Sem St.,Fort Worth,TX,76106,4-163-728-2366,Susan_Palmer3072@bretoux.com
16,Vincent,Shannon,434-3756 Malesuada Road,Fort Worth,TX,76106,7-513-658-0168,Enoch_Potter6423@nickia.com
17,Hoyt,Lewis,P.O. Box 216 7342 Varius Road,Madison,WI,53711,8-382-614-7014,Javier_Sinclair2650@liret.org
18,Bradley,Goodman,P.O. Box 226 3230 Sapien. St.,West Jordan,UT,84084,6-131-285-8161,Logan_Pratt8383@bauros.biz
19,Basil,Mullen,P.O. Box 412 4366 Mauris Av.,San Francisco,CA,94109,3-443-728-5033,Nicholas_Whinter1180@typill.biz
20,Elijah,Freeman,P.O. Box 499 4412 Neque St.,San Francisco,CA,94109,8-138-108-0601,Carissa_Garner4608@typill.biz
21,Ulric,Booth,744-3866 Vestibulum Rd.,San Francisco,CA,94109,0-581-748-3161,Ellen_Ellison4715@liret.org
22,Basil,Francis,362-9093 Ornare Av.,Fremont,NE,68025,2-311-316-3445,Martha_Vass7913@iatim.tech
23,Ray,Hendrix,Ap #978-4957 Nonummy Road,Fremont,NE,68025,8-134-538-4206,Elijah_Jobson6793@iatim.tech
24,Rashad,Conner,8614 Iaculis Rd.,Philadelphia,PA,19140,2-465-227-8855,Melania_Webster5709@iatim.tech
25,Linus,Calhoun,347-3746 Duis Street,Orem,UT,84057,0-483-620-8358,Rocco_Rogan1490@liret.org
26,Neville,Woodward,P.O. Box 811 6244 Dis Ave,Los Angeles,CA,90049,7-056-202-5244,Paige_Anderson3987@elnee.tech
27,Gage,Blake,4298 Dignissim St.,Los Angeles,CA,90049,8-424-128-8371,Mya_Chapman6656@sveldo.biz
28,John,Glover,1897 Pharetra. St.,Philadelphia,PA,19140,2-147-430-8120,Jacob_Andersson5712@iatim.tech
29,Carl,Lucas,7729 Quam. Street,Philadelphia,PA,19140,8-737-082-5052,Mavis_Harrington1862@bauros.biz
30,Bernard,Bond,P.O. Box 150 4736 Nonummy. St.,Philadelphia,PA,19140,8-864-175-4422,Candace_Chapman2557@sheye.org
31,Ignatius,Richardson,647-4144 Cursus Av.,Philadelphia,PA,19140,5-465-165-2776,Camden_Davies1546@bretoux.com
32,Carl,Emerson,718-2948 Consectetuer Street,Philadelphia,PA,19140,0-237-355-1282,Marvin_Varley1148@gompie.com
33,Brady,Jones,645-1664 Aenean Ave,Philadelphia,PA,19140,4-863-865-1236,Mayleen_Carter4545@kideod.biz
34,Acton,Wells,P.O. Box 891 4426 Curabitur Street,Philadelphia,PA,19140,1-678-228-0743,Sage_Trent3287@bungar.biz
35,Christian,Singleton,991-1709 Dolor Street,Houston,TX,77095,3-231-765-3515,Tyson_Widdows5793@kideod.biz
36,Geoffrey,Perry,207-7842 Nibh Road,Richardson,TX,75080,5-340-541-1064,Stella_Walsh180@gompie.com
37,August,Rocha,Ap #219-9401 Aliquam Road,Richardson,TX,75080,7-187-210-4042,Nate_Hopkinson7375@acrit.org
38,Ralph,Summers,Ap #292-3776 Eget Avenue,Houston,TX,77041,4-650-457-7110,Dakota_Sheldon484@vetan.org
39,Marshall,Colon,Ap #202-3869 Hendrerit Street,Houston,TX,77041,4-116-312-4288,Rihanna_Miller34@nanoff.biz
40,Todd,Barr,P.O. Box 442 1599 Mauris Rd.,Houston,TX,77041,6-885-767-2306,Lexi_Hastings4491@tonsy.org
41,Noble,Gray,P.O. Box 924 8237 Et Rd.,Houston,TX,77041,4-164-622-3416,Andie_Wilkinson2910@bulaffy.com
42,Quentin,Case,Ap #273-2915 Elit Road,Naperville,IL,60540,6-832-232-6383,Rick_Trent6063@sveldo.biz
43,Jonah,Callahan,Ap #866-919 Nullam St.,Los Angeles,CA,90049,6-061-384-3550,Isabel_Porter4223@acrit.org
44,Hamilton,Hines,P.O. Box 262 3637 Adipiscing Road,Melbourne,FL,32935,4-521-485-0781,Jolene_Keys6609@deavo.com
45,Ferdinand,Martinez,4796 Euismod Ave,Eagan,MN,55122,6-375-846-7405,Tom_Harris9060@gembat.biz
46,Nolan,Emerson,P.O. Box 127 3770 Mauris St.,Eagan,MN,55122,2-567-827-6352,Johnny_James8301@extex.org
47,Talon,Duke,829 Sit Av.,Westland,MI,48185,5-804-406-0736,Danny_Sylvester4347@muall.tech
48,Salvador,Woodward,Ap #231-9454 Maecenas St.,Dover,DE,19901,0-152-201-3511,Karla_Horton7087@eirey.tech
49,Caesar,Sanford,102-1755 Auctor Rd.,Dover,DE,19901,5-003-424-1868,Kenzie_Rothwell1550@sheye.org
50,Gannon,Francis,231 Pede St.,New Albany,IN,47150,8-034-113-5668,Anabelle_Stone 3202@joiniaa.com
51,Brock,Phillips,Ap #676-5137 Penatibus Avenue,New Albany,IN,47150,2-873-826-6633,Josh_Woods8522@gompie.com
52,Griffin,Gibbs,Ap #845-2783 Vel St.,New Albany,IN,47150,7-730-855-4546,Marvin_Parker7453@liret.org
53,Oleg,Justice,7680 Pellentesque Av.,New Albany,IN,47150,8-336-484-6257,Jacob_Larsen2793@irrepsy.com
54,Gary,Gilliam,237-701 Tellus Rd.,NY City,NY,10024,8-630-065-5236,Danny_Miller4310@famism.biz
55,Merrill,Britt,P.O. Box 247 6559 Et Av.,NY City,NY,10024,1-847-206-8266,Kassandra_Uddin4019@cispeto.com
56,Nash,Rasmussen,Ap #620-151 Eget Rd.,Troy,NY,12180,0-686-613-1664,Kirsten_Dallas7922@muall.tech
57,Nasim,Huff,4092 Malesuada Street,Troy,NY,12180,1-256-356-8847,Barry_Jobson1479@supunk.biz
58,Blake,Palmer,3809 Nec Avenue,Troy,NY,12180,5-147-066-8430,Ronald_Mills7050@ubusive.com
59,Uriah,William,716-6140 Ante Road,Troy,NY,12180,4-315-202-3886,Cassidy_Scott6801@ubusive.com
60,Brandon,Hardin,P.O. Box 555 4305 Sit Av.,Troy,NY,12180,0-140-423-4462,Eryn_Bell1385@joiniaa.com
61,Alec,Hardy,Ap #406-1992 Nisi Ave,Troy,NY,12180,7-475-100-4718,Harry_Nayler4024@ubusive.com
62,Curran,Ratliff,446-6386 Aliquam Rd.,Troy,NY,12180,2-543-057-2061,Marie_Purvis5588@corti.com
63,Dennis,Kirkland,6463 Quis St.,Los Angeles,CA,90004,5-328-242-8102,Norah_Kelly7703@nimogy.biz
64,Garrett,Maynard,P.O. Box 365 6547 Nam Street,Los Angeles,CA,90004,1-668-602-2555,Luke_Morley4552@bungar.biz
65,Rigel,Coleman,2038 Tristique St.,Los Angeles,CA,90004,3-145-252-6342,Nancy_Gibson7244@muall.tech
66,Laith,Phillips,Ap #925-255 Vitae Rd.,Los Angeles,CA,90004,2-140-478-4102,Denny_Long8124@nickia.com
67,Raphael,Nixon,Ap #121-5248 Duis Avenue,Chicago,IL,60610,2-501-876-4485,Liam_Evans55@brety.org
68,Stephen,Valdez,235-2296 Ac Street,Gilbert,AZ,85234,7-826-751-4284,Hayden_Jenkins9332@gembat.biz
69,Leroy,Reeves,1488 Aliquet Rd.,Gilbert,AZ,85234,4-466-356-3405,Nathan_Townend8767@vetan.org
70,Micah,Weaver,Ap #545-871 Malesuada Rd.,Springfield,VA,22153,0-078-427-5348,Leroy_Powell7606@bungar.biz
71,Drake,Webb,P.O. Box 467 1230 Ultricies St.,NY City,NY,10009,1-862-417-1172,Summer_John813@qater.org
72,Valentine,Navarro,5220 Neque. Av.,Jackson,MI,49201,1-502-780-2613,Roger_Sylvester2739@mafthy.com
73,Wesley,Patrick,P.O. Box 462 3794 Sed St.,Memphis,TN,38109,8-632-844-8266,Fred_Gonzales252@famism.biz
74,Mannix,Suarez,364-5844 Curabitur Ave,Memphis,TN,38109,2-277-360-1745,Matt_Moore5546@bauros.biz
75,Bert,Mendez,6920 Vehicula. Rd.,Memphis,TN,38109,7-173-285-5010,Erick_Tutton4474@joiniaa.com
76,Jonah,Arnold,621-5899 Tempor Ave,Houston,TX,77041,5-553-826-1513,Maia_Sanchez2513@nickia.com
77,Dillon,Henry,P.O. Box 259 3977 Duis Rd.,Houston,TX,77041,2-277-113-2616,Daniel_Harrington1439@acrit.org
78,Ezra,Cox,Ap #475-8477 Est Avenue,Houston,TX,77041,1-871-204-5456,Danny_Wilkinson9131@kideod.biz
79,Yasir,Moore,406-6875 Morbi Ave,Houston,TX,77070,0-678-534-3136,Benny_Steer7239@extex.org
80,Jonas,Osborne,459-1768 Urna St.,Decatur,AL,35601,2-828-380-1712,Amelia_Ebbs5106@nimogy.biz
81,Arden,Richmond,Ap #777-3304 At St.,Decatur,AL,35601,4-618-087-6338,Peter_Anderson7001@mafthy.com
82,Yuli,Chapman,P.O. Box 411 8669 Semper. Road,San Francisco,CA,94122,1-075-765-0561,Daron_Potts886@famism.biz
83,Ross,Rice,679-996 Ut Ave,San Francisco,CA,94122,6-117-245-2045,Percy_Clark9014@zorer.org
84,Tad,Watson,Ap #127-360 Commodo Road,Durham,NC,27707,1-233-407-6013,Doug_Clifford8891@extex.org
85,Rashad,Greene,P.O. Box 425 5385 Amet St.,Chicago,IL,60623,4-111-526-5344,Felicity_Reading6653@elnee.tech
86,Steven,Shaw,2933 Dui Av.,Columbia,SC,29203,7-127-543-5336,Leah_Sherwood949@elnee.tech
87,Nigel,Curry,8007 Eros St.,Rochester,MN,55901,7-137-063-7470,Javier_Edler4756@iatim.tech
88,Hilel,Smith,3518 Posuere Av.,Rochester,MN,55901,0-856-177-0657,Andrea_Speed6261@acrit.org
89,Merritt,Kane,765-6974 Suspendisse Rd.,Houston,TX,77095,0-730-223-0632,Adeline_Scott4440@atink.com
90,Gray,Herring,P.O. Box 182 2193 In Road,Los Angeles,CA,90036,7-302-663-0230,Tyson_Gilmore9875@sheye.org
91,Christian,Farmer,P.O. Box 123 5918 Volutpat Road,Los Angeles,CA,90036,3-786-150-7448,Piper_Driscoll2954@guentu.biz
92,Brett,Lloyd,P.O. Box 995 3429 Dui Ave,Los Angeles,CA,90036,5-031-414-2426,Shannon_Brett6249@joiniaa.com
93,Kyle,Ball,391-2645 Quis Ave,Minneapolis,MN,55407,1-444-324-1226,Shay_Quinnell1689@gompie.com
94,Tyler,Johnson,2010 Lorem Ave,Minneapolis,MN,55407,6-667-713-1362,Rocco_Lee5560@eirey.tech
95,Eagan,Ayers,P.O. Box 785 5229 Ligula. Road,Minneapolis,MN,55407,2-350-500-3427,Marina_Hepburn6057@kideod.biz
96,Dale,Atkinson,119-5840 Suspendisse Rd.,Portland,OR,97206,6-414-227-0021,Chad_Wilson4216@hourpy.biz
97,Salvador,Mcleod,P.O. Box 211 1619 Neque. Rd.,NY City,NY,10009,6-274-845-5533,Marie_Noon2651@atink.com
98,Vance,Barrett,Ap #848-618 Tellus Avenue,San Francisco,CA,94122,2-313-801-0558,John_Ralph6867@atink.com
99,Alexander,Stevenson,8937 Nisi Rd.,Saint Paul,MN,55106,8-641-387-2747,Doug_Shields3487@zorer.org
100,Owen,Tanner,Ap #288-6918 Imperdiet Road,Chicago,IL,60610,5-825-471-5077,Chuck_Durrant7310@bulaffy.com
101,Kellie,Blevins,Ap #227-2254 Varius Rd.,Chicago,IL,60610,0-455-646-3585,Michael_Gordon6970@gembat.biz
102,Nadine,Richards,410-7690 Magna. Av.,Chicago,IL,60610,8-050-173-1470,Vanessa_Morley218@gmail.com
103,Dacey,Adkins,P.O. Box 976 3074 Integer St.,Rochester,MN,55901,7-674-512-0188,David_Edwards6990@supunk.biz
104,Chloe,Herring,Ap #604-8583 Nisi. Ave,Aurora,CO,80013,7-434-760-2040,Maxwell_Trent3855@sheye.org
105,Amethyst,Moss,Ap #409-1831 Aliquet Rd.,Aurora,CO,80013,2-264-546-6747,Aiden_Vinton2473@sveldo.biz
106,Sonia,Shepherd,9200 Vel Ave,Aurora,CO,80013,4-255-015-0544,Logan_Radcliffe9375@qater.org
107,Illiana,Koch,171-8089 Dolor Street,Charlotte,NC,28205,6-728-871-3666,Livia_Carter6179@bungar.biz
108,Mara,Butler,428-1232 Montes Ave,Charlotte,NC,28205,4-121-550-0658,Leslie_Ballard4737@tonsy.org
109,Cassidy,Crosby,Ap #234-5814 Convallis St.,Charlotte,NC,28205,7-748-487-5028,Bart_Jeffery6401@gmail.com
110,Alea,Torres,Ap #229-2981 Suspendisse Street,Orland Park,IL,60462,0-258-132-0722,Joy_Page 2186@brety.org
111,Kiayada,Bradshaw,Ap #896-6045 Sagittis Street,NY City,NY,10035,0-230-345-4251,Leslie_Murphy3053@deons.tech
112,Eliana,Estrada,445-2217 Diam Ave,Urbandale,IA,50322,3-106-062-4531,Lauren_Cork5011@joiniaa.com
113,Beverly,Branch,P.O. Box 624 6829 Mauris St.,Urbandale,IA,50322,8-731-713-4505,Carina_Edwards7689@bulaffy.com
114,Clio,Buckley,Ap #529-9345 Lectus Road,Columbus,OH,43229,7-706-040-2083,Alan_Horton3259@deons.tech
115,Fatima,Hendrix,360-1668 Facilisis Av.,Columbus,OH,43229,8-238-325-1741,Johnny_Brown8472@typill.biz
116,Zenaida,Aguirre,P.O. Box 353 3817 Mi St.,Columbus,OH,43229,1-047-407-4601,Miley_Irwin2418@vetan.org
117,Ursa,Riggs,P.O. Box 993 2483 Aliquam St.,Columbus,OH,43229,1-758-536-4277,Bryce_Wills1867@eirey.tech
118,Bree,Erickson,Ap #672-7113 Praesent Avenue,Seattle,WA,98103,6-772-803-7481,Eryn_Glass2507@jiman.org
119,Sylvia,Patel,Ap #622-5855 Dignissim St.,Bristol,TN,37620,3-872-120-6384,Cara_Wallace3697@supunk.biz
120,Mari,Swanson,994-3298 Vel Street,Wilmington,DE,19805,6-718-582-1464,Zara_Ventura763@nickia.com
121,Oprah,Ramirez,403-8113 Mattis Rd.,Wilmington,DE,19805,4-324-280-4708,Alexia_Goodman3419@womeona.net
122,Signe,Cruz,Ap #448-256 Cursus Ave,Wilmington,DE,19805,7-452-536-3557,Nick_Stone5425@liret.org
123,Maisie,English,2181 At Street,Wilmington,DE,19805,5-007-853-6751,Boris_Palmer5445@bungar.biz
124,Willa,Harris,7457 Sit St.,Wilmington,DE,19805,2-285-708-0677,William_Keys7097@deavo.com
125,Michelle,Douglas,4246 Erat Rd.,Houston,TX,77041,4-834-562-1174,Ethan_Baker7297@womeona.net
126,Maggy,Hahn,695-255 Odio Rd.,Bloomington,IL,61701,8-013-380-5081,Wade_Durrant3645@eirey.tech
127,Tallulah,Knox,8350 Sollicitudin St.,Phoenix,AZ,85023,8-500-820-4064,Fred_Eddison6000@gembat.biz
128,Sonya,Callahan,4004 Lobortis St.,Phoenix,AZ,85023,4-560-321-5873,Ryan_Cassidy8768@kideod.biz
129,Sandra,Yates,P.O. Box 170 8593 Blandit Av.,Los Angeles,CA,90004,1-205-122-5063,Ruth_Lloyd4974@elnee.tech
130,Rosalyn,Vargas,427-4153 Massa. Street,Los Angeles,CA,90004,1-660-847-5431,Christine_Duvall9960@sveldo.biz
131,Quynn,Palmer,Ap #170-9888 Et Rd.,Columbus,OH,43229,1-072-822-1300,Liam_Brown9299@extex.org
132,Pascale,Nguyen,Ap #631-649 Tortor Road,Columbus,OH,43229,7-247-334-6430,Candice_Parsons2424@hourpy.biz
133,Shellie,Allison,261-7466 Ultrices Rd.,Columbus,OH,43229,7-342-261-7446,Rylee_Brett7770@nickia.com
134,Kaitlin,Farley,P.O. Box 235 7245 Magna. Street,Roseville,CA,95661,1-335-705-6517,Marjorie_Armstrong7194@famism.biz
135,Karen,Curtis,P.O. Box 100 9043 Libero. Ave,Roseville,CA,95661,2-374-885-0163,Rihanna_Redden9967@ubusive.com
136,Kaitlin,Witt,P.O. Box 635 8793 Luctus Rd.,Roseville,CA,95661,5-067-517-6666,Carina_Varley1523@bretoux.com
137,Sade,Whitney,Ap #733-1471 Nec Rd.,Roseville,CA,95661,4-341-211-1634,Violet_Lloyd6243@yahoo.com
138,Wilma,Duke,P.O. Box 802 9836 Fringilla Avenue,Roseville,CA,95661,8-481-616-1416,Chloe_Larkin730@fuliss.net
139,Brynne,Rojas,P.O. Box 718 7440 Est. St.,Roseville,CA,95661,0-322-080-4840,Dorothy_Darcy2201@gompie.com
140,Jessica,Snyder,3380 Penatibus Rd.,Roseville,CA,95661,5-613-542-3636,Cynthia_Walter1146@fuliss.net
141,Carla,Meyer,4517 Litora Ave,Philadelphia,PA,19140,1-801-468-0442,Tyson_Ward5@ubusive.com
142,Jessamine,French,590-2421 Quam Ave,San Francisco,CA,94122,0-644-278-5085,Sofie_Fulton4821@typill.biz
143,Alisa,Key,4917 Egestas Rd.,San Francisco,CA,94122,4-616-584-8607,Jayden_Downing436@extex.org
144,Adrienne,Bridges,P.O. Box 470 258 Magna Avenue,San Francisco,CA,94122,7-706-348-2831,Elijah_Wright2287@jiman.org
145,Kaden,Hendricks,854-7686 Eu St.,Independence,MO,64055,3-263-261-1256,David_Brooks7347@cispeto.com
146,Sydnee,Ingram,Ap #159-6312 Mi. Ave,Pasadena,CA,91104,6-373-835-0687,Kieth_Rowe4253@infotech44.tech
147,Alexa,Holden,P.O. Box 829 7476 Gravida St.,Newark,OH,43055,3-368-370-1683,Matthew_Ward8107@womeona.net
148,Florence,Reid,Ap #979-6585 Sapien St.,Franklin,WI,53132,8-176-325-0566,Lauren_Matthews2476@dionrab.com
149,Karly,Nielsen,P.O. Box 728 8403 Sapien Avenue,Franklin,WI,53132,7-175-145-7356,Candace_Jarrett3998@jiman.org
150,Winter,Cantrell,8491 Nec Street,Franklin,WI,53132,6-625-001-0652,Adalie_Savage2679@infotech44.tech
151,Hayley,Hester,782-4563 Parturient St.,Franklin,WI,53132,4-184-858-4583,Carl_Parker3061@brety.org
152,Mona,Holcomb,613-3670 Id St.,Scottsdale,AZ,85254,4-650-671-6077,George_Stanley1129@hourpy.biz
153,Unity,Dickson,441-8872 Dictum. St.,Scottsdale,AZ,85254,3-047-760-0768,Hank_Dallas7578@iatim.tech
154,Sydney,Palmer,995-2168 Volutpat. Avenue,San Jose,CA,95123,4-413-110-6823,Julian_Evans5083@sveldo.biz
155,Caryn,Molina,P.O. Box 760 242 Mollis Rd.,San Jose,CA,95123,2-634-128-6642,Abdul_Cox3254@nickia.com
156,Moana,Ball,Ap #742-5113 Accumsan Av.,San Jose,CA,95123,2-606-634-1867,Kimberly_Price9888@nimogy.biz
157,Petra,Blackburn,Ap #121-5329 Tellus. Ave,Seattle,WA,98105,3-278-888-1446,Daron_Ward2958@cispeto.com
158,Odessa,Moreno,Ap #800-5651 Blandit Rd.,Seattle,WA,98115,2-670-258-7224,Ramon_Shelton8233@guentu.biz
159,Rebecca,Chase,P.O. Box 735 8084 Fusce St.,Edmond,OK,73034,2-655-106-2772,Chris_Lindop3990@deavo.com
160,Jessamine,Hayden,659-9727 Sit St.,Edmond,OK,73034,8-834-121-7206,Benjamin_Sawyer1584@infotech44.tech
161,Quynn,Dean,528-4178 Libero St.,Los Angeles,CA,90045,1-022-326-2041,Marissa_Knight7091@sveldo.biz
162,Charlotte,Vaughn,7617 Neque Ave,Philadelphia,PA,19134,0-544-075-8472,Penny_Slater2374@twipet.com
163,Gay,Simon,1684 Metus Street,Carlsbad,NM,88220,1-105-584-6204,Sebastian_Roth8837@acrit.org
164,Ava,Wade,P.O. Box 631 3038 Tempor St.,Seattle,WA,98115,6-457-010-2436,Percy_Powell4593@womeona.net
165,Ursula,Reeves,P.O. Box 465 6527 Facilisis Rd.,San Antonio,TX,78207,5-731-656-1072,Liv_Gordon238@deons.tech
166,Stacy,Ramos,449 Amet Street,San Antonio,TX,78207,3-636-202-8071,Sarah_Oatway8500@hourpy.biz
167,Iris,Wise,1290 Commodo Rd.,San Antonio,TX,78207,0-302-227-1737,Marilyn_Tutton6859@sheye.org
168,Nichole,Hays,P.O. Box 694 1807 Lorem St.,San Antonio,TX,78207,4-822-026-5430,Cedrick_Coleman9161@gompie.com
169,Emma,Dale,Ap #722-3897 Fusce Av.,San Antonio,TX,78207,0-488-754-0828,Chris_Evans461@sveldo.biz
170,Debra,Little,6860 Consequat Avenue,San Antonio,TX,78207,8-572-536-7547,Marvin_Wright579@extex.org
171,Tallulah,Carver,P.O. Box 258 2518 Ullamcorper Road,San Antonio,TX,78207,3-613-186-8323,Marilyn_Foxley6587@joiniaa.com
172,Irma,Fox,Ap #247-5958 Est Rd.,Los Angeles,CA,90004,3-008-574-6712,Katelyn_Wild4472@supunk.biz
173,Flavia,Martinez,5967 Pede St.,Los Angeles,CA,90004,5-543-857-8777,Joseph_Roman9086@infotech44.tech
174,Clare,Bowman,P.O. Box 642 5630 Turpis. Avenue,Los Angeles,CA,90004,0-350-867-5235,Matt_Addis5183@sheye.org
175,Leandra,Ochoa,P.O. Box 897 3182 Est Rd.,Chicago,IL,60623,2-316-303-6200,Carla_Morley1913@typill.biz
176,Fatima,Mccullough,Ap #501-5879 Duis Av.,Chicago,IL,60623,5-432-070-7681,Celia_Forth6855@ovock.tech
177,Hilda,Harding,P.O. Box 369 9491 In Street,Houston,TX,77036,5-005-573-8076,Roger_Neville2639@cispeto.com
178,Simone,James,Ap #807-747 Dapibus Road,Newark,OH,43055,6-531-877-4338,Tess_Taylor6815@nanoff.biz
179,Blaine,Caldwell,P.O. Box 401 3151 Odio. Ave,Newark,OH,43055,7-417-002-7032,Nicole_Coll6012@corti.com
180,Gloria,Byers,616-7090 Mauris. St.,NY City,NY,10009,2-874-314-7252,Roger_Farrant1544@bauros.biz
181,Carol,Olson,181-9194 Donec Avenue,Decatur,IL,62521,2-201-771-5250,Juliet_Bennett141@tonsy.org
182,Hedy,Trujillo,Ap #679-9680 Inceptos St.,Decatur,IL,62521,1-110-011-6835,Gemma_Wood3808@sveldo.biz
183,Illiana,Sullivan,P.O. Box 558 5772 Lectus Rd.,Monroe,LA,71203,3-177-187-3711,Harvey_Robe9508@deons.tech
184,Imogene,Melendez,9878 Quis Rd.,Monroe,LA,71203,2-105-701-1121,Aeris_Vallins2216@muall.tech
185,Quon,Harding,Ap #676-8717 Nostra St.,Monroe,LA,71203,6-813-658-1361,Jessica_Garcia8422@ubusive.com
186,Leila,Bates,P.O. Box 280 6787 Fermentum Street,Fairfield,CT,6824,1-815-822-3865,Ronald_Warner5752@extex.org
187,Tasha,Rich,Ap #562-4717 Proin Rd.,Los Angeles,CA,90032,2-701-777-5272,Eve_Edwards1502@dionrab.com
188,Anne,Hall,P.O. Box 317 1955 Erat St.,Grand Prairie,TX,75051,6-132-413-3664,Morgan_Middleton1321@sheye.org
189,Pascale,Carver,566-8645 Neque Rd.,Grand Prairie,TX,75051,5-141-231-3053,Adalie_Robe4208@fuliss.net
190,Fatima,Wilder,Ap #919-5898 Ullamcorper St.,NY City,NY,10035,5-715-874-1364,Ramon_Varndell5869@vetan.org
191,GA,Hinton,P.O. Box 654 7220 Dignissim St.,NY City,NY,10035,4-245-783-3002,Monica_Abbot6937@jiman.org
192,Isadora,Carrillo,P.O. Box 680 8815 Tempus Ave,NY City,NY,10035,1-730-770-7537,Amy_Antcliff3953@womeona.net
193,Tallulah,Norris,636 Sagittis. Road,NY City,NY,10035,7-156-687-6374,Anthony_Hewitt764@liret.org
194,Eleanor,Burnett,7201 Malesuada. St.,NY City,NY,10035,2-883-353-5150,Michael_Radley3724@extex.org
195,Cassady,Baxter,705-1580 Porttitor St.,Redlands,CA,92374,8-015-767-2065,Percy_Neville3915@extex.org
196,Kelsey,Wolf,Ap #434-7306 Nec Rd.,Hamilton,OH,45011,0-730-167-2684,Mark_Bullock2569@famism.biz
197,Xyla,Mullins,Ap #662-1608 Mattis. St.,Hamilton,OH,45011,3-484-461-5152,Cedrick_Penn5560@muall.tech
198,Halla,Trevino,157-2097 Duis Av.,Westfield,NJ,7090,3-832-337-2177,Priscilla_Hill3360@extex.org
199,Tana,Leblanc,P.O. Box 515 2139 Phasellus Av.,Philadelphia,PA,19120,1-856-365-2678,Elisabeth_Forester3519@nimogy.biz
200,Laurel,Patton,P.O. Box 821 5685 Orci Street,Philadelphia,PA,19120,5-458-821-0652,Nathan_Ianson2621@joiniaa.com
201,Chandler,Wilder,157-2284 Amet Avenue,Akron,OH,44312,2-538-555-5315,Marigold_Newton3272@acrit.org
202,Chaim,Combs,P.O. Box 218 2673 Penatibus Av.,Denver,CO,80219,5-426-136-8750,Elise_Henderson9065@extex.org
203,Colt,Craft,948-1633 Amet Road,Denver,CO,80219,4-516-726-0704,Melinda_Quinnell4068@elnee.tech
204,Keane,Zamora,4050 Elit. Rd.,Dallas,TX,75220,6-283-851-7741,Danny_Hopkins5564@gmail.com
205,Xander,Sykes,Ap #426-1325 Quis Road,Franklin,TN,37064,6-118-111-3628,Clint_Tutton1477@ubusive.com
206,Walter,Reed,587-4352 In St.,Whittier,CA,90604,0-601-004-7338,Piper_Morris2286@liret.org
207,Tanek,Sampson,4201 Ultricies Av.,Saginaw,MI,48601,7-104-352-5056,Alba_Maxwell5107@bungar.biz
208,Louis,Tate,Ap #833-5058 Id Road,Saginaw,MI,48601,2-887-782-6625,Margaret_Gilmour9565@ovock.tech
209,Keane,Rivers,Ap #497-9023 Scelerisque Street,Saginaw,MI,48601,6-026-767-3440,Elisabeth_Ring2630@extex.org
210,Elvis,Head,307-4205 Velit. Avenue,Saginaw,MI,48601,3-810-660-8827,Karla_Dixon2490@liret.org
211,Malcolm,Booker,404 Ullamcorper Av.,Saginaw,MI,48601,3-685-720-5043,Makenzie_Ellwood3122@jiman.org
212,Jin,Browning,P.O. Box 482 5618 Quam. Rd.,Dallas,TX,75220,0-332-611-0836,Belinda_Gordon3791@ovock.tech
213,Allistair,Gray,902-4395 Aliquam Avenue,Medina,OH,44256,1-706-753-1740,Rocco_Dempsey3837@yahoo.com
214,Burton,Coffey,232-154 Eu Street,Medina,OH,44256,8-886-005-1486,Bryon_Lewin968@sveldo.biz
215,Dale,Tucker,Ap #511-9488 Felis Rd.,Medina,OH,44256,1-218-661-4823,Chris_Young7401@eirey.tech
216,Leonard,Marks,Ap #631-828 Hendrerit Road,Medina,OH,44256,2-558-760-1272,Javier_Lunt7267@twipet.com
217,Zephania,Walker,159-2695 Vitae Rd.,Medina,OH,44256,7-610-303-2646,Helen_Faulkner6396@supunk.biz
218,Arsenio,Atkins,P.O. Box 880 755 In Av.,Los Angeles,CA,90032,1-327-773-3206,Trisha_Wilton421@cispeto.com
219,Gabriel,White,P.O. Box 503 7008 Aenean Rd.,Los Angeles,CA,90032,5-033-767-1231,Audrey_Cattell5182@deons.tech
220,Driscoll,Carrillo,Ap #231-8890 Quisque St.,Dublin,OH,43017,7-664-574-8366,Adalie_Ainsworth5551@guentu.biz
221,Hu,Walker,5313 Purus. Ave,Dublin,OH,43017,0-505-056-4414,Molly_Stuart7645@kideod.biz
222,Stone,Davenport,Ap #744-9541 Lorem St.,Dublin,OH,43017,4-706-584-7430,Vivian_Rodgers4964@dionrab.com
223,Aquila,Noble,216-3921 Libero St.,Dublin,OH,43017,5-632-187-1020,Tyler_Knight7406@hourpy.biz
224,Amal,Jackson,619-773 Eu Avenue,Dublin,OH,43017,1-575-307-0120,Sasha_Cooper3521@acrit.org
225,Vance,Fulton,Ap #695-7072 Posuere St.,Dublin,OH,43017,3-678-617-4876,Willow_Rogers3919@yahoo.com
226,Gavin,Rodriguez,Ap #441-1927 Non Rd.,Detroit,MI,48227,0-684-513-5821,Helen_Robe5790@cispeto.com
227,Peter,Frost,790-7115 Hendrerit Street,Detroit,MI,48227,7-004-145-0635,Iris_Silva5964@kideod.biz
228,Uriah,Smith,Ap #964-9341 Malesuada St.,Detroit,MI,48227,5-458-683-1228,Jayden_Freeburn1005@nanoff.biz
229,Quinlan,Maynard,6342 Tellus. St.,Columbia,TN,38401,2-248-803-4086,Makenzie_Shea5877@hourpy.biz
230,Merrill,Huff,Ap #891-5070 In Street,Columbia,TN,38401,1-823-466-8572,Tiffany_Cartwright3183@gmail.com
231,Erasmus,Walton,Ap #214-8950 Vel Road,Charlotte,NC,28205,6-620-012-5107,Rosalyn_Cann9541@sheye.org
232,Clayton,Gallagher,P.O. Box 433 8382 Eros Road,Tampa,FL,33614,8-510-612-5442,Barry_Uttley5939@gmail.com
233,Wesley,Jordan,P.O. Box 446 8426 Pede. Rd.,Tampa,FL,33614,8-847-523-0652,Sydney_Leigh876@bauros.biz
234,Cairo,Oliver,Ap #317-865 Amet St.,Tampa,FL,33614,2-887-170-5354,Felicity_Asher7106@cispeto.com
235,Stuart,Frederick,615-4095 Aliquet St.,Tampa,FL,33614,0-072-466-5213,Denis_Ianson8851@vetan.org
236,Grant,Everett,Ap #984-2119 Dignissim Avenue,Tampa,FL,33614,7-767-525-0784,Bethany_Dobson7373@grannar.com
237,Stone,Santana,2604 Tempor Rd.,Santa Clara,CA,95051,6-536-148-5125,Clarissa_Hobson1972@corti.com
238,Jakeem,Bailey,696-8318 Lorem Street,Chicago,IL,60610,8-850-408-7473,Michelle_Pickard6552@kideod.biz
239,Aaron,Williams,P.O. Box 970 9608 Neque St.,Chicago,IL,60610,8-722-583-3716,Analise_Sherwood8125@elnee.tech
240,Edward,Peck,P.O. Box 243 6161 Felis. Rd.,Chicago,IL,60610,2-008-110-6652,Ivy_Hunter5673@hourpy.biz
241,Drew,Miles,P.O. Box 334 878 Sem St.,Chicago,IL,60610,4-105-637-8421,Roger_Ashley3475@irrepsy.com
242,Blake,Bernard,Ap #684-2300 Libero Avenue,Chicago,IL,60610,1-421-581-6755,Denny_Neal1095@zorer.org
243,Chancellor,Travis,1442 Dolor. Street,Chicago,IL,60610,7-184-481-8113,Boris_Allington2979@corti.com
244,Ross,Jacobson,Ap #518-8963 Aliquet Avenue,Chicago,IL,60610,4-314-117-4837,Matt_Davies3664@dionrab.com
245,Curran,Cardenas,4152 Congue. St.,Lakeville,MN,55044,8-541-653-2320,Harvey_Oatway1893@elnee.tech
246,Carl,Sawyer,533-8026 Libero Street,Lakeville,MN,55044,2-443-863-6335,Jacqueline_Skinner7314@deons.tech
247,Beau,Higgins,P.O. Box 715 6160 Felis Ave,Lakeville,MN,55044,8-883-223-8071,Charlize_Windsor1087@eirey.tech
248,Dustin,Chambers,Ap #991-8285 Erat St.,Lakeville,MN,55044,5-682-374-1266,Roger_Middleton9956@muall.tech
249,Jameson,Gray,P.O. Box 288 9933 Sed St.,Lakeville,MN,55044,1-745-237-0152,Doug_Shaw1425@elnee.tech
250,Gary,Reilly,7892 Amet Ave,San Francisco,CA,94109,3-843-077-1460,Benjamin_Purvis5984@famism.biz
251,Reece,Blake,137-9129 Sed St.,San Diego,CA,92037,6-652-733-2881,Nick_Gilmour9384@zorer.org
252,Silas,Robertson,P.O. Box 914 9144 Adipiscing Road,San Diego,CA,92037,1-678-563-3831,Kaylee_Wood5903@brety.org
253,Erich,Rogers,3491 Molestie Rd.,NY City,NY,10024,6-338-822-8524,Mara_Adams5374@fuliss.net
254,Amir,Duffy,Ap #654-7238 Tincidunt Street,NY City,NY,10024,1-336-282-8312,Danielle_Price5741@dionrab.com
255,Plato,Ingram,Ap #122-6596 Imperdiet Road,Chicago,IL,60623,3-100-056-7383,Emery_Kidd9209@muall.tech
256,Graiden,Hudson,P.O. Box 173 9910 Magnis St.,Chicago,IL,60623,7-038-867-6135,Elijah_Burge7901@guentu.biz
257,Brent,Preston,Ap #432-3157 Parturient Avenue,Chicago,IL,60623,3-774-840-4542,Lynn_Tyrrell6805@hourpy.biz
258,Lucian,Dean,343-5915 Nonummy Av.,Chicago,IL,60623,3-342-486-5338,Harry_Callan7953@gembat.biz
259,Mufutau,Chambers,Ap #670-8414 Dui. Rd.,NY City,NY,10009,1-482-228-3073,Barney_Dixon8154@womeona.net
260,Carson,Jenkins,Ap #550-3121 Et St.,NY City,NY,10009,5-335-333-4120,Russel_Stuart1219@jiman.org
261,Armando,Barlow,P.O. Box 741 6110 In Rd.,NY City,NY,10009,6-710-048-0412,Maribel_Becker4139@nickia.com
262,Lamar,Weiss,6933 Enim. Rd.,Pasadena,TX,77506,2-506-411-7141,Benny_Quinn1302@guentu.biz
263,Caldwell,Burke,579-4585 Etiam Road,Houston,TX,77036,3-665-302-0430,Alan_Swan7882@muall.tech
264,Hamish,Fitzgerald,Ap #917-7268 Felis Rd.,Houston,TX,77036,1-138-261-4628,Maxwell_Moran8904@hourpy.biz
265,Zachary,Coffey,P.O. Box 909 8816 Adipiscing Street,Chicago,IL,60610,3-517-544-1382,Parker_Gordon8189@liret.org
266,Rigel,Valdez,216 Metus. St.,Brentwood,CA,94513,5-380-873-6428,Elena_Waterhouse5946@supunk.biz
267,Russell,Gates,8560 Ipsum Street,Chapel Hill,NC,27514,5-785-502-5515,Bridget_Hunter8271@muall.tech
268,Xavier,Glenn,Ap #827-5436 Iaculis Street,Morristown,NJ,7960,6-488-772-4133,Phoebe_Nicolas3427@qater.org
269,Bert,Foley,Ap #883-7457 At Street,Cincinnati,OH,45231,1-542-787-4123,Aiden_Nelson613@iatim.tech
270,Basil,Mckee,P.O. Box 797 8609 Vitae Road,Cincinnati,OH,45231,7-125-686-6533,Hank_Spencer3473@kideod.biz
271,Lyle,Lucas,Ap #160-3360 Non Rd.,San Francisco,CA,94110,0-817-408-6647,Johnathan_Booth1443@atink.com
272,Caldwell,Ramirez,9865 Ante Road,San Francisco,CA,94109,0-843-138-2766,Taylor_Mcleod3456@sveldo.biz
273,Carter,Johnson,Ap #949-4427 Fermentum Ave,San Francisco,CA,94109,1-261-858-7148,Michael_Lakey8472@twipet.com
274,Buckminster,Guthrie,8254 Molestie St.,San Francisco,CA,94109,0-207-268-5078,Miley_Hall3730@nanoff.biz
275,Reed,Mcintosh,P.O. Box 432 7511 Aliquet Av.,Inglewood,CA,90301,5-431-611-4861,Paige_Giles2066@dionrab.com
276,Aladdin,Rocha,P.O. Box 338 3368 Cras St.,Inglewood,CA,90301,3-432-408-3210,Aiden_Noon1794@nickia.com
277,John,Carey,P.O. Box 337 1431 Eget Rd.,Philadelphia,PA,19140,3-765-614-8157,Selena_Smith4507@nickia.com
278,Vance,Ware,590-4597 Enim Avenue,Philadelphia,PA,19140,6-237-084-4507,Ryan_Hale1472@kideod.biz
279,Neville,Franco,3504 Dictum Street,Philadelphia,PA,19140,2-425-858-1040,Tyler_Blythe8572@naiker.biz
280,Baker,Stanley,Ap #349-5123 Egestas Road,Philadelphia,PA,19140,8-533-755-3318,Analise_Ellis8156@yahoo.com
281,Jason,Park,159-1356 Non St.,Houston,TX,77070,6-030-844-0317,Bryon_Wilson8621@famism.biz
282,Xander,Cummings,537-4717 Lorem Rd.,Houston,TX,77070,1-753-648-5882,Piper_Abbey3243@eirey.tech
283,Colin,Forbes,P.O. Box 674 1321 Odio. Rd.,Los Angeles,CA,90004,5-011-860-4120,Benjamin_Jordan8569@deons.tech
284,Kevin,Chan,804-9484 Proin Rd.,Portland,OR,97206,7-644-342-2070,Abdul_Stubbs4549@naiker.biz
285,Donovan,Norton,Ap #229-6057 Commodo Rd.,Portland,OR,97206,2-607-313-3612,Sebastian_Aldridge4602@gembat.biz
286,Elton,Waller,4598 Augue Road,Portland,OR,97206,4-407-536-1681,Lucas_Quinn8719@fuliss.net
287,Silas,Garcia,Ap #222-4523 Pellentesque Rd.,Tamarac,FL,33319,7-730-854-6306,Julius_Forth2051@cispeto.com
288,Malik,Richards,9009 Nec Road,Tamarac,FL,33319,8-046-555-8071,Fiona_Whitmore8757@brety.org
289,Chancellor,Ballard,P.O. Box 172 3826 Ac Rd.,Tamarac,FL,33319,8-664-870-8034,Grace_Hudson7516@muall.tech
290,Murphy,Griffin,172-9848 Ut Ave,Columbus,OH,43229,0-315-547-2230,Trisha_Cameron9113@extex.org
291,Hunter,Hays,1128 Lectus Rd.,Columbus,OH,43229,3-024-026-0856,Nick_Hardwick7063@twace.org
292,Mufutau,Sykes,P.O. Box 542 8082 In St.,Columbus,OH,43229,8-124-010-4742,Gil_Nicolas3453@kideod.biz
293,Brent,Giles,6879 A Avenue,Columbus,OH,43229,5-314-238-6515,Ema_Bell4562@extex.org
294,Jordan,Alvarado,7378 Nibh. St.,CO Springs,CO,80906,0-503-610-1065,Matthew_Garner1576@tonsy.org
295,Cain,Emerson,827-538 Phasellus St.,CO Springs,CO,80906,0-656-871-4158,William_Farrant2042@bungar.biz
296,Prescott,Durham,Ap #100-2036 Mauris Ave,CO Springs,CO,80906,2-042-812-4283,Chris_Williams7465@bretoux.com
297,Vaughan,Lawrence,P.O. Box 640 7090 Cras Av.,CO Springs,CO,80906,8-680-842-2341,Enoch_Russel7096@joiniaa.com
298,Dolan,Robbins,116-5088 Ipsum Rd.,CO Springs,CO,80906,0-228-688-8313,Brad_Yard7323@deons.tech
299,Merrill,Cohen,P.O. Box 435 750 Pellentesque. Ave,Belleville,NJ,7109,7-486-063-7727,Lucas_Varley7789@zorer.org
300,Dale,Lindsay,Ap #186-5300 Nonummy Ave,Belleville,NJ,7109,2-344-065-0685,Maggie_Murphy2176@atink.com
301,Dora,Medina,3985 Sed Rd.,Belleville,NJ,7109,6-227-180-2831,Barney_Stone 8235@typill.biz
302,Serina,Lee,Ap #704-7117 Cras Avenue,Belleville,NJ,7109,8-260-027-0788,Gabriel_Blackwall192@twipet.com
303,Aurelia,Bishop,Ap #836-1646 In Avenue,Belleville,NJ,7109,3-066-838-2225,Carissa_Oliver7544@irrepsy.com
304,Xantha,Ryan,Ap #306-5749 Euismod Rd.,Chicago,IL,60623,8-267-566-3418,Phillip_Herbert33@eirey.tech
305,Lana,Hodge,Ap #666-7702 Arcu Road,NY City,NY,10024,5-508-723-4246,Ronald_Yarlett1764@nanoff.biz
306,Nadine,Good,386-5428 Lorem Avenue,Taylor,MI,48180,8-607-887-5321,Joseph_Nobbs4432@nimogy.biz
307,Demetria,Crane,757-141 Ut St.,Lakewood,NJ,8701,0-380-003-5815,Chris_Button2396@eirey.tech
308,Petra,Rodriguez,Ap #101-8836 Placerat Ave,Lakewood,NJ,8701,6-232-831-6745,Kieth_Camden6803@ubusive.com
309,Zephr,Watkins,P.O. Box 965 2264 Ante. Street,Arlington,VA,22204,2-463-136-7247,Britney_Chapman500@vetan.org
310,Janna,Kent,Ap #506-6767 Sed Rd.,Arvada,CO,80004,5-702-382-6111,Janice_Newman6466@elnee.tech
311,Tashya,Barber,799-4592 Et Street,Arvada,CO,80004,1-884-121-2548,Chad_Clarke5008@twipet.com
312,Quail,Reese,4138 Tellus Rd.,Arvada,CO,80004,7-102-572-2201,Shannon_Hammond4642@nanoff.biz
313,Ursa,Calhoun,Ap #772-8198 Consectetuer Avenue,Arvada,CO,80004,8-552-612-2665,Alessandra_Blythe4255@cispeto.com
314,Veronica,Delaney,291-135 Eu Rd.,Hackensack,NJ,7601,6-062-626-2662,Ronald_Graham2011@sheye.org
315,Christine,Branch,Ap #505-9207 Dictum Rd.,Saint Petersburg,FL,33710,0-348-713-5875,Cherish_Everett9970@irrepsy.com
316,Sybill,Howe,2595 Aenean St.,Saint Petersburg,FL,33710,7-312-316-6725,Natalie_Fields2638@elnee.tech
317,Kelsie,Meyer,5343 Pretium St.,Philadelphia,PA,19143,7-175-228-5503,Nicole_Eastwood981@irrepsy.com
318,Macy,Hodges,P.O. Box 821 7542 Maecenas Rd.,NY City,NY,10024,3-726-060-7670,Cadence_Chapman1535@acrit.org
319,Xantha,Knox,Ap #846-2266 Nullam Street,NY City,NY,10024,6-008-461-5356,Caleb_Brown6958@bauros.biz
320,Ivana,Hull,3370 Tempor Avenue,NY City,NY,10024,1-251-834-0087,Norah_Wallace221@fuliss.net
321,Sheila,Lyons,143-1237 Aptent St.,NY City,NY,10024,3-525-717-6552,John_Hobbs892@tonsy.org
322,Nita,Ward,P.O. Box 312 3825 Massa. St.,NY City,NY,10024,7-032-657-3588,Regina_Broomfield622@infotech44.tech
323,Beverly,Marsh,Ap #315-6315 Nostra Ave,Long Beach,CA,90805,4-471-331-8384,Manuel_Vane2995@fuliss.net
324,Adena,Marks,P.O. Box 642 4315 Amet Road,Hesperia,CA,92345,8-752-073-7788,Angelique_Stevens9931@liret.org
325,Sopoline,Grant,Ap #211-7062 Diam Road,Hesperia,CA,92345,3-284-074-3737,Alan_Anderson8528@bungar.biz
326,Darrel,Lamb,P.O. Box 661 9404 Litora Rd.,Murfreesboro,TN,37130,0-658-008-6083,Makenzie_Amstead2928@vetan.org
327,Buffy,Fox,8281 Aenean St.,Philadelphia,PA,19143,0-586-042-0323,Leanne_Hope7460@deons.tech
328,Faith,Lucas,5025 Enim. Avenue,Philadelphia,PA,19143,6-374-687-2224,Tom_Wellington8012@liret.org
329,Vivian,Barnes,7708 In Ave,Philadelphia,PA,19143,6-764-544-4445,Luke_Webster9392@womeona.net
330,Paula,Ortega,Ap #258-7277 Est Street,Philadelphia,PA,19143,1-160-413-1653,Owen_Janes7435@joiniaa.com
331,Charissa,Kelly,117-2502 Nec St.,Philadelphia,PA,19143,2-781-825-1720,Elle_Martin6551@jiman.org
332,Maryam,Potts,P.O. Box 804 3978 Sed St.,Philadelphia,PA,19134,4-071-270-4346,Anabel_Richardson6728@infotech44.tech
333,Rhonda,Coleman,368-2941 Eleifend St.,Philadelphia,PA,19134,7-247-354-7551,Sage_Wilde5690@jiman.org
334,Kessie,Woodard,P.O. Box 677 9742 Etiam St.,Philadelphia,PA,19134,8-438-338-4746,Sofie_Goldsmith9202@nickia.com
335,Ignacia,Mullen,P.O. Box 732 1542 Fringilla Ave,Los Angeles,CA,90045,6-728-575-8585,Benny_Ryan71@tonsy.org
336,Xantha,Whitley,Ap #650-1209 Non Rd.,Los Angeles,CA,90045,5-016-258-4308,Anabelle_Needham3252@gembat.biz
337,Brianna,Valencia,8616 Tellus. St.,Los Angeles,CA,90045,5-043-880-0733,Ema_Chadwick2975@famism.biz
338,Autumn,Cooley,362-8611 Imperdiet St.,San Francisco,CA,94122,1-474-327-0775,Erick_Anderson8213@bulaffy.com
339,Stacey,Pena,Ap #686-2661 Ac Ave,San Francisco,CA,94122,6-505-382-5017,Noah_Davies633@gompie.com
340,Quin,Case,Ap #384-2784 Faucibus Rd.,Layton,UT,84041,1-062-175-2134,Janice_Hopkins6395@yahoo.com
341,Gisela,Malone,Ap #918-883 Duis Av.,Philadelphia,PA,19140,3-662-214-1224,Sylvia_Blackwall1244@liret.org
342,Whitney,Ross,P.O. Box 861 9729 Tempor Road,Philadelphia,PA,19140,1-537-863-7864,Clint_Owen7669@ubusive.com
343,Aubrey,Schmidt,447-3600 Nam Avenue,Philadelphia,PA,19140,8-544-736-8550,Joy_Durrant2352@irrepsy.com
344,Sydnee,Black,335-6902 Donec Road,Philadelphia,PA,19140,5-177-122-5372,Summer_Rycroft7908@atink.com
345,Minerva,Carter,Ap #476-9812 Arcu. Av.,Austin,TX,78745,0-828-424-7732,Joseph_Lynn6562@yahoo.com
346,Xandra,Reid,4272 Amet St.,San Francisco,CA,94122,8-243-332-6271,Ron_Rogers4993@grannar.com
347,Kylie,Gardner,P.O. Box 869 2551 Duis Rd.,Lowell,MA,1852,8-073-075-3608,Leilani_Truscott2270@nanoff.biz
348,Sarah,Key,878-7657 Vitae St.,Lowell,MA,1852,2-654-826-5556,Miley_Shelton9566@qater.org
349,Phoebe,Montgomery,P.O. Box 158 2534 Phasellus Rd.,Lowell,MA,1852,1-035-514-0506,Andie_Evans7264@nickia.com
350,Lesley,Vaughan,314-4905 Habitant Road,NY City,NY,10009,8-362-471-5326,Jack_Purvis6112@liret.org
351,Sophia,Pena,P.O. Box 259 9222 Vel Av.,NY City,NY,10009,3-250-531-1257,Gwen_Raven3472@bretoux.com
352,Patricia,Ballard,8773 Lectus Street,NY City,NY,10009,8-466-531-3762,Logan_Redden1688@deons.tech
353,Zenaida,Saunders,Ap #407-3666 Arcu Avenue,NY City,NY,10009,6-380-855-5148,Luke_Dann8914@muall.tech
354,Colleen,Dickson,994-4761 Massa. Ave,NY City,NY,10009,0-546-255-8111,Kieth_Wigley624@infotech44.tech
355,Venus,Gibson,Ap #818-3491 Eu St.,NY City,NY,10035,6-111-401-3715,David_Dempsey7788@twipet.com
356,Vera,Parsons,P.O. Box 555 7732 Purus. Ave,NY City,NY,10035,5-227-413-0688,Jack_Newton3892@womeona.net
357,Velma,Ball,718-1204 Nullam St.,NY City,NY,10035,6-617-074-0407,Jacob_Lewin4693@twipet.com
358,Mary,Guzman,P.O. Box 668 1941 Scelerisque Avenue,NY City,NY,10035,7-527-586-4714,Barney_West4878@guentu.biz
359,Mara,Knight,2252 Donec St.,Charlotte,NC,28205,6-226-043-7712,Percy_Isaac379@gembat.biz
360,Bo,Moss,Ap #681-5047 Cursus Ave,Columbus,GA,31907,4-086-356-7860,Johnny_Craig9694@tonsy.org
361,Madaline,Newton,Ap #756-7841 Dignissim Av.,Columbus,GA,31907,0-547-167-2240,Molly_Bishop9275@nanoff.biz
362,Erin,Valentine,291-1572 Auctor Ave,NY City,NY,10009,1-280-327-0547,Mayleen_Thorpe2044@gompie.com
363,Clio,Copeland,Ap #807-9711 Nisl. Rd.,NY City,NY,10009,2-136-618-6154,Chad_Hopkinson4084@qater.org
364,Hayfa,Miranda,231-5043 Turpis. St.,NY City,NY,10009,4-471-876-6732,Martin_Pratt768@vetan.org
365,Maite,Lott,P.O. Box 328 3575 Proin Street,NY City,NY,10009,0-105-747-0227,Tom_Farrell8425@sheye.org
366,Colette,Hammond,715 Convallis Avenue,San Francisco,CA,94109,4-188-527-3368,Clarissa_Faulkner4035@liret.org
367,Guinevere,Page,5432 Amet St.,Manchester,CT,6040,7-684-246-8677,Hayden_Swan8097@bauros.biz
368,Haley,Powers,P.O. Box 238 3897 Sem Avenue,Manchester,CT,6040,0-016-481-6252,Ronald_Murray8778@bungar.biz
369,Regan,Herring,P.O. Box 664 5078 Sociis St.,Manchester,CT,6040,3-180-888-8382,Rose_Norburn1577@fuliss.net
370,Jemima,Dunlap,4756 Turpis Street,Manchester,CT,6040,7-827-001-8511,Chris_Yard4205@bretoux.com
371,Melissa,Porter,P.O. Box 598 5837 Euismod St.,Harlingen,TX,78550,5-728-168-0012,Harmony_Hunter3509@atink.com
372,Imani,Stewart,P.O. Box 147 9258 In Avenue,Harlingen,TX,78550,2-825-238-3804,Owen_Flett2722@sveldo.biz
373,Hillary,Snow,P.O. Box 278 1585 Auctor St.,Tucson,AZ,85705,5-016-741-0016,Boris_Addley7230@hourpy.biz
374,Wilma,Odonnell,677-7593 Eu Rd.,Tucson,AZ,85705,7-033-267-2888,Angelina_Rogers2620@eirey.tech
375,Constance,Booth,825-6507 Pretium Avenue,Tucson,AZ,85705,4-404-152-6615,Peyton_Uttley3674@nickia.com
376,Inga,Graves,Ap #141-1182 Nec Ave,Tucson,AZ,85705,6-285-034-8186,Tiffany_Walsh6269@ubusive.com
377,Rae,Lane,802-2457 Pellentesque Avenue,Quincy,IL,62301,7-032-561-2755,Diane_Webster8573@bulaffy.com
378,Ursula,Randolph,Ap #740-2292 Mauris Av.,Franklin,MA,2038,2-538-165-0812,Ally_Rigg6787@bulaffy.com
379,Quyn,Cash,Ap #433-9338 Posuere Rd.,Houston,TX,77095,3-625-536-0167,Skylar_Blackburn1587@muall.tech
380,Charity,Garner,492-6662 Nullam Avenue,Houston,TX,77095,1-758-687-0422,Abdul_Wheeler8276@elnee.tech
381,Jolie,Campos,P.O. Box 424 9894 Duis Road,Houston,TX,77095,4-873-412-8737,Molly_Underhill4583@gompie.com
382,Deborah,Santos,P.O. Box 640 8439 Non Road,San Francisco,CA,94109,2-808-528-3811,Tom_Morris3417@vetan.org
383,Camilla,Burks,Ap #845-6682 Hymenaeos. Road,San Francisco,CA,94109,2-187-548-0560,Gina_Holt6264@eirey.tech
384,Hayley,Barnes,Ap #362-6787 Nonummy Rd.,Taylor,MI,48180,8-614-748-1033,Charlotte_Rycroft1297@twipet.com
385,Clio,Perry,Ap #218-2539 In Av.,Pembroke Pines,FL,33024,6-416-140-7883,Marie_Bennett8725@gompie.com
386,Mercedes,Hawkins,Ap #859-3315 Ridiculus St.,Pembroke Pines,FL,33024,0-733-113-6267,Sharon_Hunter3336@grannar.com
387,Colleen,Dixon,119-4294 Nec Street,Philadelphia,PA,19140,7-454-131-3534,Tyler_Fleming846@grannar.com
388,Paloma,Sandoval,148-546 In Rd.,Philadelphia,PA,19140,0-711-643-5144,Carl_Hewitt31@joiniaa.com
389,Cailin,Santiago,879-4558 Consequat Avenue,Cincinnati,OH,45231,7-706-073-6686,Shelby_Jones7543@gmail.com
390,Alexandra,Harrington,230-8021 Adipiscing St.,NY City,NY,10009,6-311-387-3003,Martin_Ellison6084@tonsy.org
391,Amaya,Barrett,P.O. Box 374 1052 Urna Rd.,NY City,NY,10009,5-102-023-2444,Marina_Sherwood6460@bauros.biz
392,Alma,Shepard,4764 Mollis Avenue,Des Moines,WA,98198,7-253-658-8866,Jules_Townend9644@nimogy.biz
393,Imelda,Nguyen,186-5391 A St.,Des Moines,WA,98198,2-014-321-4886,Alma_Sherry7845@extex.org
394,Mia,Miller,Ap #125-7255 Nulla. St.,Peoria,IL,61604,0-685-020-0112,Marissa_Drummond6302@supunk.biz
395,Maggie,Padilla,817-6305 Tellus. Rd.,Las Vegas,NV,89115,6-446-342-4103,Clint_Fulton8526@qater.org
396,Quin,Randall,Ap #938-5209 Sem St.,Warwick,RI,2886,0-386-618-0812,Holly_Rust5103@zorer.org
397,Zephr,Fuentes,Ap #265-4536 Consequat Road,Warwick,RI,2886,0-718-588-5334,Ember_Tindall125@grannar.com
398,Kyra,Sweeney,P.O. Box 676 6355 Sagittis Av.,Jackson,MI,49201,5-321-411-5446,Alexander_Cunningham1840@nanoff.biz
399,Adele,Santana,Ap #763-4241 Primis St.,Houston,TX,77036,0-770-742-1332,Hank_Hamilton4830@bretoux.com
400,Ursa,Rosa,Ap #252-4312 Nisl. St.,Houston,TX,77036,8-155-470-8653,Julius_Wooldridge1944@naiker.biz
401,Elizabeth,Hendrix,,Houston,TX,77036,8-188-312-0117,Chester_Benfield3943@ubusive.com
402,Emery,Benjamin,,Houston,TX,77036,2-820-377-2682,Rocco_Fox8754@iatim.tech
403,Caleb,Bowers,,Miami,FL,33180,8-834-023-7753,Sage_Bell9888@iatim.tech
404,Daphne,Barnes,,Wilmington,NC,28403,6-781-438-0351,Gabriel_Powell713@bungar.biz
405,Acton,Yates,,NY City,NY,10024,1-117-335-0542,Irene_Blythe9521@atink.com
406,Serina,Yates,,San Francisco,CA,94110,7-343-171-5031,Shannon_Darcy2342@naiker.biz
407,Mannix,Mccullough,,San Francisco,CA,94110,5-217-725-3185,Sabrina_Umney9066@nimogy.biz
408,Wallace,Murphy,,San Francisco,CA,94110,3-355-550-3046,Aurelia_Nicolas5241@bungar.biz
409,Indigo,Ferrell,,San Francisco,CA,94110,4-522-238-5601,Mackenzie_Driscoll9982@nickia.com
410,Tad,Jensen,,San Francisco,CA,94110,8-185-230-8177,Javier_Carpenter5537@extex.org
411,Yuli,Noble,,San Francisco,CA,94110,8-844-725-0407,Nick_Davies1322@fuliss.net
412,Craig,Finch,,San Francisco,CA,94110,8-700-133-1420,Chris_Salt2167@bulaffy.com
413,Vladimir,Grimes,,San Francisco,CA,94110,8-021-501-5481,Oliver_Styles1284@sveldo.biz
414,Brian,WA,,San Francisco,CA,94110,5-736-507-4428,Angelica_Brown5011@joiniaa.com
415,Maggy,Sexton,,Seattle,WA,98105,8-653-402-8534,Megan_Ralph3994@bulaffy.com
416,Kareem,Mccoy,,Seattle,WA,98105,6-586-134-7275,Sonya_Parr6412@deons.tech
417,Eric,Patton,,Huntington Beach,CA,92646,5-227-718-4540,Henry_Olson3816@supunk.biz
418,Buffy,Wise,,Los Angeles,CA,90004,5-775-266-4160,Keira_Sherry2931@bretoux.com
419,Blossom,Allison,,Richmond,KY,40475,0-150-072-5631,Nathan_Roth8209@yahoo.com
420,Phillip,Mckee,,Los Angeles,CA,90045,4-351-661-8465,Jacob_Rothwell2922@muall.tech
421,Gary,Fields,,Los Angeles,CA,90045,6-014-022-7518,Agnes_Nayler1685@iatim.tech
422,Sean,Carey,,Louisville,CO,80027,4-410-252-2864,Scarlett_Burge1261@bulaffy.com
423,Robin,Rodriquez,,Lawrence,MA,1841,1-483-175-1075,Sofie_Parr6099@irrepsy.com
424,Phyllis,Clements,,Lawrence,MA,1841,5-645-012-0674,Liam_Snow3623@bretoux.com
425,Ashely,Britt,,Jackson,MS,39212,5-360-276-5780,Sydney_Raven7353@acrit.org
426,Zachary,Chavez,,Canton,MI,48187,2-263-603-0175,Colleen_Vane3947@sheye.org
427,Ainsley,May,,Canton,MI,48187,0-283-420-7886,Tania_Blackburn4617@yahoo.com
428,Castor,Lang,,New Rochelle,NY,10801,4-604-335-4058,Carissa_Calderwood713@famism.biz
429,Aurora,Frost,,San Antonio,TX,78207,4-846-682-0173,Jocelyn_Owen2495@grannar.com
430,Camille,Rutledge,,Gastonia,NC,28052,6-466-286-6533,Dani_Plumb9469@acrit.org
431,Libby,Benson,,Gastonia,NC,28052,5-151-322-4383,Phoebe_Wright6033@corti.com
432,Oscar,Sims,,Gastonia,NC,28052,6-556-642-5261,Nicole_Boyle2373@deavo.com
433,Phelan,Mclaughlin,,Gastonia,NC,28052,2-811-678-3222,Diane_Gray6155@irrepsy.com
434,Diana,Aguilar,,Lowell,MA,1852,1-617-086-1807,George_Patel7721@brety.org
435,Ahmed,Snider,,Jacksonville,FL,32216,3-820-610-8514,Hank_Collins9769@dionrab.com
436,Tatum,Marshall,,Jacksonville,FL,32216,8-317-163-2181,Adela_Vallins109@dionrab.com
437,Hop,Ware,,Chicago,IL,60623,2-185-868-0622,Candice_Gilmore2568@liret.org
438,Cadman,Michael,,Chicago,IL,60623,0-757-707-5487,Sadie_Vinton8274@bulaffy.com
439,Ocean,Knapp,,Houston,TX,77070,8-120-031-2301,Cedrick_Ellis9814@liret.org
440,Buckminster,Arnold,,NY City,NY,10024,1-261-643-1221,Aiden_Rosenbloom8668@guentu.biz
441,Ebony,Hardin,,Detroit,MI,48227,2-082-067-5633,Hayden_Goldsmith1783@gmail.com
442,Reed,Oneal,,Detroit,MI,48227,0-855-574-4707,Lindsay_Shea1149@bungar.biz
443,Aurelia,Hull,,Detroit,MI,48227,7-754-557-3403,Alan_Webster3594@liret.org
444,Inez,Schmidt,,Detroit,MI,48227,1-187-556-3443,Carl_Buckley2337@gmail.com
445,Buckminster,Dean,,Detroit,MI,48227,0-180-252-3110,Anthony_Pickard4067@vetan.org
446,Ainsley,Roberts,,Detroit,MI,48227,7-350-045-2018,Makena_Graves3320@ubusive.com
447,Otto,Cain,,Columbus,IN,47201,5-720-510-4856,Sebastian_Rowan4877@kideod.biz
448,Alyssa,Gilbert,,Auburn,NY,13021,1-004-334-5460,Chris_Jordan162@twipet.com
449,Doris,Ryan,,Auburn,NY,13021,6-585-026-6301,Boris_Price1809@eirey.tech
450,Urielle,Raymond,,Auburn,NY,13021,1-501-780-2254,Joseph_Logan7901@bungar.biz
451,Maxwell,Erickson,,Auburn,NY,13021,3-467-132-7231,Margot_Foxley7856@hourpy.biz
452,Melinda,Phillips,,Auburn,NY,13021,8-080-803-6562,Mackenzie_Leslie8145@bretoux.com
453,Zephania,Griffith,,Auburn,NY,13021,2-212-386-6327,Erick_Lane6214@kideod.biz
454,Wynter,Lambert,,Akron,OH,44312,7-188-867-3001,Abdul_Aldridge87@twipet.com
455,Dieter,Bauer,,Akron,OH,44312,6-608-848-8316,Shay_Tyrrell9908@elnee.tech
456,Aimee,Perez,,Norman,OK,73071,6-845-854-5462,Carl_Moore9609@infotech44.tech
457,Cole,Cain,,Concord,CA,94521,2-460-503-2205,Matthew_Hale5653@kideod.biz
458,Tanner,Mckenzie,,Decatur,IL,62521,0-261-334-1244,Doug_Lyon2631@yahoo.com
459,Timothy,Foley,,Decatur,IL,62521,5-236-383-5522,Mark_Payne2044@deons.tech
460,Kelly,Carpenter,,Seattle,WA,98115,4-124-430-8846,Angela_Rose6330@bretoux.com
461,Melissa,Mills,,Seattle,WA,98115,7-416-656-1715,Bob_Jenkins5@typill.biz
462,Brenna,Mcfarland,,Seattle,WA,98115,7-160-165-2146,Cecilia_Griffiths1285@gompie.com
463,Karyn,Livingston,,Phoenix,AZ,85023,2-404-585-7415,Ethan_Ianson1210@acrit.org
464,Coby,Rivas,,Phoenix,AZ,85023,3-123-485-1874,Hanna_Dallas7913@twipet.com
465,Graham,Nash,,Phoenix,AZ,85023,0-285-568-8574,Clarissa_Radcliffe9691@nickia.com
466,Xyla,Klein,,Phoenix,AZ,85023,6-438-877-2784,Margot_Ventura5799@jiman.org
467,Hamilton,Morse,,Phoenix,AZ,85023,1-833-816-6136,Tyson_Penn462@nickia.com
468,Kato,Beach,,Park Ridge,IL,60068,2-243-486-1357,Eryn_Morgan163@deavo.com
469,Astra,Bonner,,Amarillo,TX,79109,7-771-712-5657,Leah_Collis4654@gembat.biz
470,Victor,Padilla,,Chicago,IL,60610,8-741-761-1110,Angelique_Kelly9305@jiman.org
471,Alma,Salinas,,Lindenhurst,NY,11757,8-474-677-0885,Karla_Vaughn5990@ovock.tech
472,Iola,Kramer,,San Francisco,CA,94110,6-463-622-1558,Crystal_Vinton1751@tonsy.org
473,Byron,Compton,,San Francisco,CA,94110,0-744-334-0832,Cara_Tyrrell2159@brety.org
474,Nissim,Knox,,San Francisco,CA,94110,8-767-221-6167,David_Chappell65@bulaffy.com
475,Gil,Lawrence,,San Francisco,CA,94110,6-763-657-2853,Josh_Yard9374@yahoo.com
476,Christen,Shields,,San Francisco,CA,94110,5-063-233-7572,Kieth_Penn134@jiman.org
477,Iola,Blanchard,,San Francisco,CA,94110,4-222-551-2037,Angelica_Hobbs1821@sheye.org
478,Fletcher,Fox,,Los Angeles,CA,90008,6-547-457-3386,Manuel_Walton6894@typill.biz
479,Abel,Powers,,Troy,NY,12180,4-586-165-8732,Callie_Carpenter7252@grannar.com
480,Keiko,Good,,NY City,NY,10024,1-488-832-7387,Caleb_Potter9341@naiker.biz
481,Tana,Hayes,,NY City,NY,10024,6-212-885-8848,Liam_Mills9736@guentu.biz
482,Leroy,Garcia,,San Diego,CA,92024,0-867-175-1203,Brad_Vallins8120@nickia.com
483,Anne,Dixon,,NY City,NY,10024,3-311-567-2708,Iris_Collins1184@gompie.com
484,Stephanie,Guerra,,NY City,NY,10024,0-158-516-8608,Tyson_Stevenson6034@elnee.tech
485,Yael,Chang,,Los Angeles,CA,90045,3-357-750-3148,Maribel_Addley71@infotech44.tech
486,Honorato,Figueroa,,Los Angeles,CA,90045,3-816-318-2614,Kurt_Ellery6876@fuliss.net
487,Unity,Good,,Los Angeles,CA,90045,0-000-664-4027,Angelina_Bishop6466@kideod.biz
488,Tamekah,Woodard,,Chicago,IL,60610,3-846-225-1321,Charlize_Myatt1158@mafthy.com
489,Mark,Cash,,Huntsville,TX,77340,7-517-052-5366,Charlotte_Flanders5947@atink.com
490,Gil,Cole,,Huntsville,TX,77340,0-817-481-7386,Lillian_Vollans1601@dionrab.com
491,Victor,Mclaughlin,,Huntsville,TX,77340,6-525-435-6573,Margaret_Eyres3872@vetan.org
492,Merritt,Jimenez,,Rochester,NY,14609,1-051-275-7323,George_Reading7451@cispeto.com
493,Kirestin,Kane,,Rochester,NY,14609,2-036-555-6341,Candice_Williams237@irrepsy.com
494,Kane,Bowman,,Seattle,WA,98115,1-115-212-7832,Tiffany_Rixon2297@ovock.tech
495,Jaime,Larson,,Memphis,TN,38109,6-714-088-5477,Ellen_Whitehouse8243@muall.tech
496,Deacon,Sosa,,Fayetteville,AK,72701,0-376-741-0757,Rick_Strong2555@muall.tech
497,Brielle,Roy,,Costa Mesa,CA,92627,5-486-468-2250,Bryon_Gibson7797@qater.org
498,Jessica,Ballard,,Costa Mesa,CA,92627,1-505-507-2616,Florence_Hammond2624@famism.biz
499,Lewis,Phelps,,Costa Mesa,CA,92627,0-820-841-3453,Hank_Harris2426@deons.tech
500,Joelle,Collier,,Costa Mesa,CA,92627,2-606-212-4650,Tara_Stevens7528@acrit.org
501,Cathleen,Vang,,Parker,CO,80134,0-423-216-5080,Mark_Reid2158@naiker.biz
502,Briar,Bonner,,Parker,CO,80134,2-151-704-8410,Daniel_Gilmore8272@iatim.tech
503,Cairo,Buckner,,Parker,CO,80134,4-866-035-2353,Vivian_Casey827@gmail.com
504,Lisandra,Davenport,,Parker,CO,80134,6-740-808-0827,Kurt_Randall5780@muall.tech
505,Troy,Hubbard,,Parker,CO,80134,7-508-505-7436,Bernadette_Hopkinson9844@twipet.com
506,Lacey,Lara,,NY City,NY,10024,5-346-283-3066,Carina_Healy1982@extex.org
507,Igor,Livingston,,Atlanta,GA,30318,5-071-450-6265,Clint_Pearson2271@bulaffy.com
508,Zenaida,Floyd,,Atlanta,GA,30318,0-846-820-8258,Jaylene_Clifton2990@gembat.biz
509,Glenna,Mcfarland,,Atlanta,GA,30318,1-755-804-8374,Noemi_Evans3240@infotech44.tech
510,Ainsley,Sawyer,,Atlanta,GA,30318,4-465-048-3088,Lorraine_Hall824@bretoux.com
511,Ariana,Alvarado,,Gladstone,MO,64118,3-544-062-0343,Raquel_Mason3548@womeona.net
512,Ralph,Cervantes,,Gladstone,MO,64118,5-537-068-5725,Amy_King5019@irrepsy.com
513,Carlos,Byrd,,Newark,OH,43055,4-817-252-7261,Chester_Jeffery1933@atink.com
514,Lacy,Boyer,,Los Angeles,CA,90049,4-321-744-6685,Chester_Underhill5917@cispeto.com
515,Willow,Bernard,,Los Angeles,CA,90049,3-257-361-8355,Gil_Curtis8557@naiker.biz
516,Idona,Flynn,,Great Falls,MT,59405,6-046-203-8340,Vera_Antcliff4425@infotech44.tech
517,Mira,Gaines,,Great Falls,MT,59405,7-318-261-6237,Ember_Osmond7209@bulaffy.com
518,Glenna,Wells,,Great Falls,MT,59405,4-508-714-2763,Chuck_Bennett1719@twipet.com
519,Christen,Farley,,Great Falls,MT,59405,8-530-246-8864,Oliver_Samuel9124@guentu.biz
520,Sacha,Sharp,,Houston,TX,77041,2-783-360-6870,Zara_Ianson9548@liret.org
521,Piper,Buchanan,,Houston,TX,77041,4-822-700-8800,Florence_Skinner1378@elnee.tech
522,Kylie,Barton,,Houston,TX,77041,6-157-844-1551,Phillip_Ogilvy611@iatim.tech
523,Anjolie,Kline,,Detroit,MI,48234,5-043-854-2684,Lana_Huggins5950@muall.tech
524,Britanney,Welch,,Los Angeles,CA,90032,6-371-624-8406,Winnie_Richardson942@irrepsy.com
525,VA,Carver,,Los Angeles,CA,90032,4-335-865-0630,Nicole_Townend5104@naiker.biz
526,Graiden,Raymond,,Lawrence,MA,1841,5-558-238-2458,Aileen_Jordan4424@cispeto.com
527,McKenzie,Oneill,,Lakeland,FL,33801,4-672-544-0764,Liam_Ellis2845@sveldo.biz
528,Lillith,Ellison,,Lakeland,FL,33801,5-252-844-1310,Harmony_Cooper9536@twipet.com
529,Samson,Rosales,,Philadelphia,PA,19134,0-842-317-0151,Logan_Whitmore2111@joiniaa.com
530,Caldwell,Holman,,Philadelphia,PA,19134,5-525-601-8168,Daniel_Myatt452@ovock.tech
531,Adara,Mcdowell,,Philadelphia,PA,19134,5-022-058-4341,Jack_Johnson2433@fuliss.net
532,Magee,Crosby,,Los Angeles,CA,90036,0-061-455-0741,Jayden_Spencer2012@typill.biz
533,Jared,Harrison,,Los Angeles,CA,90032,3-187-367-8562,Wade_Stone 6339@fuliss.net
534,David,Houston,,Montgomery,AL,36116,4-042-304-8314,Maria_Yates6529@dionrab.com
535,Benjamin,Small,,Montgomery,AL,36116,7-100-134-3275,Kassandra_Cann3078@yahoo.com
536,Reese,Gilbert,,Mesa,AZ,85204,8-011-825-2683,Nate_Shields1918@famism.biz
537,Addison,Crane,,Chicago,IL,60653,3-136-657-1510,Wade_Mills4332@gmail.com
538,Mark,Lee,,NY City,NY,10009,0-454-011-5463,Allison_Groves6383@extex.org
539,Porter,Woodard,,Henderson,KY,42420,3-131-043-2104,Greta_Quinn1100@ovock.tech
540,VA,Anthony,,Henderson,KY,42420,2-316-582-2071,Alan_Jacobs8474@famism.biz
541,Knox,Robles,,Green Bay,WI,54302,0-122-248-5132,Alexa_Jeffery1670@twipet.com
542,Jada,Butler,,Tucson,AZ,85705,7-284-132-3810,Owen_Thornton3273@cispeto.com
543,Stewart,Macias,,Springfield,OH,45503,8-260-656-7455,Sonya_Isaac944@grannar.com
544,Cathleen,Cantrell,,Fort Worth,TX,76106,4-618-551-6772,Winnie_Craig6014@deavo.com
545,Jada,Jensen,,Fort Worth,TX,76106,2-613-526-2410,Chad_Sylvester3251@sheye.org
546,Travis,Landry,,Fort Worth,TX,76106,4-364-218-2102,Carol_Chester6638@brety.org
547,Clarke,Mills,,NY City,NY,10035,2-800-011-2873,Sebastian_Noon3392@hourpy.biz
548,Olga,Finch,,NY City,NY,10035,1-550-874-0782,Adina_Donnelly9939@hourpy.biz
549,Christen,Short,,Chicago,IL,60653,7-137-856-3145,Carolyn_Abbot523@bulaffy.com
550,Emery,Cantu,,Chicago,IL,60653,1-365-028-4381,Harvey_Sanchez6171@mafthy.com
551,Dale,Schwartz,,Chicago,IL,60653,6-453-117-4817,Vicky_Davies3025@twace.org
552,Hedwig,Bowen,,San Francisco,CA,94110,2-634-137-5273,Megan_Armstrong2607@supunk.biz
553,Brielle,Aguirre,,Jacksonville,FL,32216,1-353-713-8516,Russel_Thomson4693@gompie.com
554,Ebony,Mckinney,,Houston,TX,77070,6-771-270-3501,Jacob_Addison2191@gembat.biz
555,Jolene,Roberson,,Anaheim,CA,92804,6-217-485-0248,Amy_Underhill857@supunk.biz
556,Oscar,Daugherty,,Wilmington,NC,28403,5-225-522-3326,Marla_Grant2211@sheye.org
557,Harper,Compton,,Los Angeles,CA,90045,0-300-236-7168,Ember_Rodwell1286@nimogy.biz
558,Macaulay,Cabrera,,Los Angeles,CA,90045,7-354-536-4063,Manuel_Mcguire7066@vetan.org
559,Palmer,Tanner,,Los Angeles,CA,90045,3-272-813-2444,Gwenyth_Egerton781@nanoff.biz
560,Iris,Pate,,San Francisco,CA,94110,4-185-450-5550,Nina_Dillon5611@acrit.org
561,Barrett,Battle,,San Francisco,CA,94110,6-645-136-6838,Ronald_Richards6389@acrit.org
562,Cruz,Lawson,,Tampa,FL,33614,1-060-836-6116,Ramon_Waterhouse791@gompie.com
563,Mercedes,Huffman,,Tampa,FL,33614,7-015-881-1326,Barney_Jones2543@sveldo.biz
564,Karen,Perez,,Seattle,WA,98105,5-438-653-2063,Cameron_Mould6664@naiker.biz
565,Jaden,Kirkland,,Seattle,WA,98105,1-737-535-2845,Cadence_Poole5763@deons.tech
566,Dahlia,Rodriguez,,Los Angeles,CA,90008,4-865-423-1685,Lily_Oswald1407@bretoux.com
567,Ciara,Beach,,Seattle,WA,98105,6-506-471-1800,Renee_Varndell4735@fuliss.net
568,Rama,Francis,,Seattle,WA,98105,5-036-685-7411,William_Veale4801@womeona.net
569,Bell,Reilly,,Seattle,WA,98105,0-581-436-6656,Alexander_Franks6842@brety.org
570,Patricia,Hammond,,Seattle,WA,98105,4-054-662-6012,Sasha_Moss1759@zorer.org
571,Tiger,Floyd,,NY City,NY,10024,3-214-720-1250,Maribel_Lomax2930@cispeto.com
572,Joy,Kemp,,NY City,NY,10024,8-216-618-3211,Rosemary_Truscott5458@jiman.org
573,Freya,Banks,,NY City,NY,10024,2-188-060-1031,Cherish_Janes1732@eirey.tech
574,Christen,Myers,,NY City,NY,10024,5-842-346-1261,Cadence_Alldridge4550@zorer.org
575,Gloria,Holden,,Marysville,WA,98270,4-670-151-2286,Gwen_Walter503@infotech44.tech
576,Madeline,Heath,,Long Beach,CA,90805,6-251-887-6465,Gil_Jefferson6773@nanoff.biz
577,Shoshana,Wade,,Long Beach,CA,90805,3-158-236-0718,George_James47@gmail.com
578,Moana,Livingston,,Long Beach,CA,90805,0-878-080-5815,Erick_Gibson1505@joiniaa.com
579,Nicholas,Bradley,,Chicago,IL,60610,8-387-268-3552,Louise_Calderwood6921@bulaffy.com
580,Edan,Ramirez,,Chicago,IL,60610,5-225-402-4000,Iris_Robertson9540@famism.biz
581,Prescott,Holt,,Los Angeles,CA,90004,4-034-320-2043,Abdul_Mills1219@fuliss.net
582,Pandora,Jensen,,Denver,CO,80219,1-566-413-7047,Benny_Penn6465@supunk.biz
583,Prescott,Ashley,,Denver,CO,80219,4-217-045-3184,Matthew_May6129@jiman.org
584,Emma,Camacho,,Denver,CO,80219,3-581-434-3644,Beatrice_Wild9035@deavo.com
585,Joelle,Campbell,,Denver,CO,80219,7-002-162-6835,Camellia_Holmes5679@jiman.org
586,Yetta,Woods,,Denver,CO,80219,5-080-736-0771,Owen_Isaac1146@atink.com
587,Kaitlin,Robinson,,Richmond,KY,40475,3-216-754-5322,William_Wallace8837@supunk.biz
588,Whitney,Ramsey,,Richmond,KY,40475,3-223-743-4383,Manuel_Vollans7342@acrit.org
589,Drake,Vargas,,Salem,OR,97301,4-113-132-8536,Willow_Reese6448@tonsy.org
590,Vanna,Howard,,Salem,OR,97301,0-716-445-8762,Marvin_Varley1955@extex.org
591,Giacomo,Mendez,,Salem,OR,97301,5-056-621-8037,Mark_Kirby9871@vetan.org
592,Leonard,Poole,,Salem,OR,97301,6-336-586-0425,Adelaide_Harvey3206@bauros.biz
593,Ferdinand,Phillips,,Laredo,TX,78041,3-180-042-6616,Penelope_Sanchez6484@irrepsy.com
594,Aaron,Martinez,,Laredo,TX,78041,3-508-620-6341,Adina_Cunningham2416@infotech44.tech
595,Medge,Walton,,San Diego,CA,92024,6-304-826-2050,Fred_Greenwood8805@mafthy.com
596,Charissa,Melton,,San Diego,CA,92024,0-514-266-1116,Elijah_Myatt4201@gmail.com
597,Keefe,Blackburn,,San Diego,CA,92024,2-132-160-0777,Chadwick_Radcliffe250@yahoo.com
598,Zenaida,Rutledge,,San Diego,CA,92024,1-630-432-8573,Javier_Fisher5076@bauros.biz
599,Rudyard,Keith,,Philadelphia,PA,19134,5-010-111-2506,Benny_Palmer9037@tonsy.org
600,Silas,Bolton,,Philadelphia,PA,19120,6-835-384-8745,Ema_Collins9974@womeona.net
